2017-01-02,,4.0241,4.2229,http://raiffeisenpolbank.com/kursy-walut/kursy-walut-dla-produktow-hipotecznych-mg/-/amg-currency-simple-box/date?_amgcurrencysimplelist_WAR_amgcurrencyportlet_rateDate=2017-01-02
2017-01-03,,4.0277,4.2266,http://raiffeisenpolbank.com/kursy-walut/kursy-walut-dla-produktow-hipotecznych-mg/-/amg-currency-simple-box/date?_amgcurrencysimplelist_WAR_amgcurrencyportlet_rateDate=2017-01-03
2017-01-04,,4.0095,4.2076,http://raiffeisenpolbank.com/kursy-walut/kursy-walut-dla-produktow-hipotecznych-mg/-/amg-currency-simple-box/date?_amgcurrencysimplelist_WAR_amgcurrencyportlet_rateDate=2017-01-04
2017-01-05,,3.9814,4.1781,http://raiffeisenpolbank.com/kursy-walut/kursy-walut-dla-produktow-hipotecznych-mg/-/amg-currency-simple-box/date?_amgcurrencysimplelist_WAR_amgcurrencyportlet_rateDate=2017-01-05
2017-01-09,,3.9766,4.173,http://raiffeisenpolbank.com/kursy-walut/kursy-walut-dla-produktow-hipotecznych-mg/-/amg-currency-simple-box/date?_amgcurrencysimplelist_WAR_amgcurrencyportlet_rateDate=2017-01-09
2017-01-10,,3.9904,4.1874,http://raiffeisenpolbank.com/kursy-walut/kursy-walut-dla-produktow-hipotecznych-mg/-/amg-currency-simple-box/date?_amgcurrencysimplelist_WAR_amgcurrencyportlet_rateDate=2017-01-10
2017-01-11,,3.9812,4.1779,http://raiffeisenpolbank.com/kursy-walut/kursy-walut-dla-produktow-hipotecznych-mg/-/amg-currency-simple-box/date?_amgcurrencysimplelist_WAR_amgcurrencyportlet_rateDate=2017-01-11
2017-01-12,,3.9848,4.1816,http://raiffeisenpolbank.com/kursy-walut/kursy-walut-dla-produktow-hipotecznych-mg/-/amg-currency-simple-box/date?_amgcurrencysimplelist_WAR_amgcurrencyportlet_rateDate=2017-01-12
2017-01-13,,3.9887,4.1857,http://raiffeisenpolbank.com/kursy-walut/kursy-walut-dla-produktow-hipotecznych-mg/-/amg-currency-simple-box/date?_amgcurrencysimplelist_WAR_amgcurrencyportlet_rateDate=2017-01-13
2017-01-16,,3.9983,4.1958,http://raiffeisenpolbank.com/kursy-walut/kursy-walut-dla-produktow-hipotecznych-mg/-/amg-currency-simple-box/date?_amgcurrencysimplelist_WAR_amgcurrencyportlet_rateDate=2017-01-16
2017-01-17,,3.9941,4.1913,http://raiffeisenpolbank.com/kursy-walut/kursy-walut-dla-produktow-hipotecznych-mg/-/amg-currency-simple-box/date?_amgcurrencysimplelist_WAR_amgcurrencyportlet_rateDate=2017-01-17
2017-01-18,,3.9821,4.1787,http://raiffeisenpolbank.com/kursy-walut/kursy-walut-dla-produktow-hipotecznych-mg/-/amg-currency-simple-box/date?_amgcurrencysimplelist_WAR_amgcurrencyportlet_rateDate=2017-01-18
2017-01-19,,3.9841,4.1809,http://raiffeisenpolbank.com/kursy-walut/kursy-walut-dla-produktow-hipotecznych-mg/-/amg-currency-simple-box/date?_amgcurrencysimplelist_WAR_amgcurrencyportlet_rateDate=2017-01-19
2017-01-20,,3.9839,4.1806,http://raiffeisenpolbank.com/kursy-walut/kursy-walut-dla-produktow-hipotecznych-mg/-/amg-currency-simple-box/date?_amgcurrencysimplelist_WAR_amgcurrencyportlet_rateDate=2017-01-20
2017-01-23,,3.9871,4.1841,http://raiffeisenpolbank.com/kursy-walut/kursy-walut-dla-produktow-hipotecznych-mg/-/amg-currency-simple-box/date?_amgcurrencysimplelist_WAR_amgcurrencyportlet_rateDate=2017-01-23
2017-01-24,,3.9901,4.1872,http://raiffeisenpolbank.com/kursy-walut/kursy-walut-dla-produktow-hipotecznych-mg/-/amg-currency-simple-box/date?_amgcurrencysimplelist_WAR_amgcurrencyportlet_rateDate=2017-01-24
2017-01-25,,3.9804,4.177,http://raiffeisenpolbank.com/kursy-walut/kursy-walut-dla-produktow-hipotecznych-mg/-/amg-currency-simple-box/date?_amgcurrencysimplelist_WAR_amgcurrencyportlet_rateDate=2017-01-25
2017-01-26,,3.9641,4.1599,http://raiffeisenpolbank.com/kursy-walut/kursy-walut-dla-produktow-hipotecznych-mg/-/amg-currency-simple-box/date?_amgcurrencysimplelist_WAR_amgcurrencyportlet_rateDate=2017-01-26
2017-01-27,,3.9836,4.1803,http://raiffeisenpolbank.com/kursy-walut/kursy-walut-dla-produktow-hipotecznych-mg/-/amg-currency-simple-box/date?_amgcurrencysimplelist_WAR_amgcurrencyportlet_rateDate=2017-01-27
2017-01-30,,3.9654,4.1612,http://raiffeisenpolbank.com/kursy-walut/kursy-walut-dla-produktow-hipotecznych-mg/-/amg-currency-simple-box/date?_amgcurrencysimplelist_WAR_amgcurrencyportlet_rateDate=2017-01-30
2017-01-31,,3.986,4.1829,http://raiffeisenpolbank.com/kursy-walut/kursy-walut-dla-produktow-hipotecznych-mg/-/amg-currency-simple-box/date?_amgcurrencysimplelist_WAR_amgcurrencyportlet_rateDate=2017-01-31
2017-02-01,,3.959,4.1545,http://raiffeisenpolbank.com/kursy-walut/kursy-walut-dla-produktow-hipotecznych-mg/-/amg-currency-simple-box/date?_amgcurrencysimplelist_WAR_amgcurrencyportlet_rateDate=2017-02-01
2017-02-02,,3.9358,4.1302,http://raiffeisenpolbank.com/kursy-walut/kursy-walut-dla-produktow-hipotecznych-mg/-/amg-currency-simple-box/date?_amgcurrencysimplelist_WAR_amgcurrencyportlet_rateDate=2017-02-02
2017-02-03,,3.955,4.1504,http://raiffeisenpolbank.com/kursy-walut/kursy-walut-dla-produktow-hipotecznych-mg/-/amg-currency-simple-box/date?_amgcurrencysimplelist_WAR_amgcurrencyportlet_rateDate=2017-02-03
2017-02-06,,3.9373,4.1318,http://raiffeisenpolbank.com/kursy-walut/kursy-walut-dla-produktow-hipotecznych-mg/-/amg-currency-simple-box/date?_amgcurrencysimplelist_WAR_amgcurrencyportlet_rateDate=2017-02-06
2017-02-07,,3.9425,4.1372,http://raiffeisenpolbank.com/kursy-walut/kursy-walut-dla-produktow-hipotecznych-mg/-/amg-currency-simple-box/date?_amgcurrencysimplelist_WAR_amgcurrencyportlet_rateDate=2017-02-07
2017-02-08,,3.9521,4.1473,http://raiffeisenpolbank.com/kursy-walut/kursy-walut-dla-produktow-hipotecznych-mg/-/amg-currency-simple-box/date?_amgcurrencysimplelist_WAR_amgcurrencyportlet_rateDate=2017-02-08
2017-02-09,,3.9675,4.1634,http://raiffeisenpolbank.com/kursy-walut/kursy-walut-dla-produktow-hipotecznych-mg/-/amg-currency-simple-box/date?_amgcurrencysimplelist_WAR_amgcurrencyportlet_rateDate=2017-02-09
2017-02-10,,3.9508,4.1459,http://raiffeisenpolbank.com/kursy-walut/kursy-walut-dla-produktow-hipotecznych-mg/-/amg-currency-simple-box/date?_amgcurrencysimplelist_WAR_amgcurrencyportlet_rateDate=2017-02-10
2017-02-13,,3.9377,4.1322,http://raiffeisenpolbank.com/kursy-walut/kursy-walut-dla-produktow-hipotecznych-mg/-/amg-currency-simple-box/date?_amgcurrencysimplelist_WAR_amgcurrencyportlet_rateDate=2017-02-13
2017-02-14,,3.9563,4.1517,http://raiffeisenpolbank.com/kursy-walut/kursy-walut-dla-produktow-hipotecznych-mg/-/amg-currency-simple-box/date?_amgcurrencysimplelist_WAR_amgcurrencyportlet_rateDate=2017-02-14
2017-02-15,,3.956,4.1514,http://raiffeisenpolbank.com/kursy-walut/kursy-walut-dla-produktow-hipotecznych-mg/-/amg-currency-simple-box/date?_amgcurrencysimplelist_WAR_amgcurrencyportlet_rateDate=2017-02-15
2017-02-16,,3.9658,4.1617,http://raiffeisenpolbank.com/kursy-walut/kursy-walut-dla-produktow-hipotecznych-mg/-/amg-currency-simple-box/date?_amgcurrencysimplelist_WAR_amgcurrencyportlet_rateDate=2017-02-16
2017-02-17,,3.9655,4.1613,http://raiffeisenpolbank.com/kursy-walut/kursy-walut-dla-produktow-hipotecznych-mg/-/amg-currency-simple-box/date?_amgcurrencysimplelist_WAR_amgcurrencyportlet_rateDate=2017-02-17
2017-02-20,,3.9778,4.1743,http://raiffeisenpolbank.com/kursy-walut/kursy-walut-dla-produktow-hipotecznych-mg/-/amg-currency-simple-box/date?_amgcurrencysimplelist_WAR_amgcurrencyportlet_rateDate=2017-02-20
2017-02-21,,3.9716,4.1678,http://raiffeisenpolbank.com/kursy-walut/kursy-walut-dla-produktow-hipotecznych-mg/-/amg-currency-simple-box/date?_amgcurrencysimplelist_WAR_amgcurrencyportlet_rateDate=2017-02-21
2017-02-22,,3.9541,4.1494,http://raiffeisenpolbank.com/kursy-walut/kursy-walut-dla-produktow-hipotecznych-mg/-/amg-currency-simple-box/date?_amgcurrencysimplelist_WAR_amgcurrencyportlet_rateDate=2017-02-22
2017-02-23,,3.9421,4.1368,http://raiffeisenpolbank.com/kursy-walut/kursy-walut-dla-produktow-hipotecznych-mg/-/amg-currency-simple-box/date?_amgcurrencysimplelist_WAR_amgcurrencyportlet_rateDate=2017-02-23
2017-02-24,,3.9519,4.1471,http://raiffeisenpolbank.com/kursy-walut/kursy-walut-dla-produktow-hipotecznych-mg/-/amg-currency-simple-box/date?_amgcurrencysimplelist_WAR_amgcurrencyportlet_rateDate=2017-02-24
2017-02-27,,3.9637,4.1595,http://raiffeisenpolbank.com/kursy-walut/kursy-walut-dla-produktow-hipotecznych-mg/-/amg-currency-simple-box/date?_amgcurrencysimplelist_WAR_amgcurrencyportlet_rateDate=2017-02-27
2017-02-28,,3.9547,4.1501,http://raiffeisenpolbank.com/kursy-walut/kursy-walut-dla-produktow-hipotecznych-mg/-/amg-currency-simple-box/date?_amgcurrencysimplelist_WAR_amgcurrencyportlet_rateDate=2017-02-28
2017-03-01,,3.9603,4.1559,http://raiffeisenpolbank.com/kursy-walut/kursy-walut-dla-produktow-hipotecznych-mg/-/amg-currency-simple-box/date?_amgcurrencysimplelist_WAR_amgcurrencyportlet_rateDate=2017-03-01
2017-03-02,,3.9356,4.1299,http://raiffeisenpolbank.com/kursy-walut/kursy-walut-dla-produktow-hipotecznych-mg/-/amg-currency-simple-box/date?_amgcurrencysimplelist_WAR_amgcurrencyportlet_rateDate=2017-03-02
2017-03-03,,3.9483,4.1433,http://raiffeisenpolbank.com/kursy-walut/kursy-walut-dla-produktow-hipotecznych-mg/-/amg-currency-simple-box/date?_amgcurrencysimplelist_WAR_amgcurrencyportlet_rateDate=2017-03-03
2017-03-06,,3.9352,4.1296,http://raiffeisenpolbank.com/kursy-walut/kursy-walut-dla-produktow-hipotecznych-mg/-/amg-currency-simple-box/date?_amgcurrencysimplelist_WAR_amgcurrencyportlet_rateDate=2017-03-06
2017-03-07,,3.9357,4.1301,http://raiffeisenpolbank.com/kursy-walut/kursy-walut-dla-produktow-hipotecznych-mg/-/amg-currency-simple-box/date?_amgcurrencysimplelist_WAR_amgcurrencyportlet_rateDate=2017-03-07
2017-03-08,,3.9324,4.1266,http://raiffeisenpolbank.com/kursy-walut/kursy-walut-dla-produktow-hipotecznych-mg/-/amg-currency-simple-box/date?_amgcurrencysimplelist_WAR_amgcurrencyportlet_rateDate=2017-03-08
2017-03-09,,3.9404,4.135,http://raiffeisenpolbank.com/kursy-walut/kursy-walut-dla-produktow-hipotecznych-mg/-/amg-currency-simple-box/date?_amgcurrencysimplelist_WAR_amgcurrencyportlet_rateDate=2017-03-09
2017-03-10,,3.9457,4.1406,http://raiffeisenpolbank.com/kursy-walut/kursy-walut-dla-produktow-hipotecznych-mg/-/amg-currency-simple-box/date?_amgcurrencysimplelist_WAR_amgcurrencyportlet_rateDate=2017-03-10
2017-03-13,,3.928,4.122,http://raiffeisenpolbank.com/kursy-walut/kursy-walut-dla-produktow-hipotecznych-mg/-/amg-currency-simple-box/date?_amgcurrencysimplelist_WAR_amgcurrencyportlet_rateDate=2017-03-13
2017-03-14,,3.9458,4.1406,http://raiffeisenpolbank.com/kursy-walut/kursy-walut-dla-produktow-hipotecznych-mg/-/amg-currency-simple-box/date?_amgcurrencysimplelist_WAR_amgcurrencyportlet_rateDate=2017-03-14
2017-03-15,,3.9435,4.1382,http://raiffeisenpolbank.com/kursy-walut/kursy-walut-dla-produktow-hipotecznych-mg/-/amg-currency-simple-box/date?_amgcurrencysimplelist_WAR_amgcurrencyportlet_rateDate=2017-03-15
2017-03-16,,3.939,4.1335,http://raiffeisenpolbank.com/kursy-walut/kursy-walut-dla-produktow-hipotecznych-mg/-/amg-currency-simple-box/date?_amgcurrencysimplelist_WAR_amgcurrencyportlet_rateDate=2017-03-16
2017-03-17,,3.9243,4.1182,http://raiffeisenpolbank.com/kursy-walut/kursy-walut-dla-produktow-hipotecznych-mg/-/amg-currency-simple-box/date?_amgcurrencysimplelist_WAR_amgcurrencyportlet_rateDate=2017-03-17
2017-03-20,,3.9086,4.1016,http://raiffeisenpolbank.com/kursy-walut/kursy-walut-dla-produktow-hipotecznych-mg/-/amg-currency-simple-box/date?_amgcurrencysimplelist_WAR_amgcurrencyportlet_rateDate=2017-03-20
2017-03-21,,3.8872,4.0792,http://raiffeisenpolbank.com/kursy-walut/kursy-walut-dla-produktow-hipotecznych-mg/-/amg-currency-simple-box/date?_amgcurrencysimplelist_WAR_amgcurrencyportlet_rateDate=2017-03-21
2017-03-22,,3.9008,4.0934,http://raiffeisenpolbank.com/kursy-walut/kursy-walut-dla-produktow-hipotecznych-mg/-/amg-currency-simple-box/date?_amgcurrencysimplelist_WAR_amgcurrencyportlet_rateDate=2017-03-22
2017-03-23,,3.9112,4.1044,http://raiffeisenpolbank.com/kursy-walut/kursy-walut-dla-produktow-hipotecznych-mg/-/amg-currency-simple-box/date?_amgcurrencysimplelist_WAR_amgcurrencyportlet_rateDate=2017-03-23
2017-03-24,,3.8952,4.0876,http://raiffeisenpolbank.com/kursy-walut/kursy-walut-dla-produktow-hipotecznych-mg/-/amg-currency-simple-box/date?_amgcurrencysimplelist_WAR_amgcurrencyportlet_rateDate=2017-03-24
2017-03-27,,3.8974,4.0898,http://raiffeisenpolbank.com/kursy-walut/kursy-walut-dla-produktow-hipotecznych-mg/-/amg-currency-simple-box/date?_amgcurrencysimplelist_WAR_amgcurrencyportlet_rateDate=2017-03-27
2017-03-28,,3.8801,4.0717,http://raiffeisenpolbank.com/kursy-walut/kursy-walut-dla-produktow-hipotecznych-mg/-/amg-currency-simple-box/date?_amgcurrencysimplelist_WAR_amgcurrencyportlet_rateDate=2017-03-28
2017-03-29,,3.8687,4.0598,http://raiffeisenpolbank.com/kursy-walut/kursy-walut-dla-produktow-hipotecznych-mg/-/amg-currency-simple-box/date?_amgcurrencysimplelist_WAR_amgcurrencyportlet_rateDate=2017-03-29
2017-03-30,,3.8564,4.0469,http://raiffeisenpolbank.com/kursy-walut/kursy-walut-dla-produktow-hipotecznych-mg/-/amg-currency-simple-box/date?_amgcurrencysimplelist_WAR_amgcurrencyportlet_rateDate=2017-03-30
2017-03-31,,3.858,4.0485,http://raiffeisenpolbank.com/kursy-walut/kursy-walut-dla-produktow-hipotecznych-mg/-/amg-currency-simple-box/date?_amgcurrencysimplelist_WAR_amgcurrencyportlet_rateDate=2017-03-31
2017-04-03,,3.8723,4.0636,http://raiffeisenpolbank.com/kursy-walut/kursy-walut-dla-produktow-hipotecznych-mg/-/amg-currency-simple-box/date?_amgcurrencysimplelist_WAR_amgcurrencyportlet_rateDate=2017-04-03
2017-04-04,,3.8805,4.0722,http://raiffeisenpolbank.com/kursy-walut/kursy-walut-dla-produktow-hipotecznych-mg/-/amg-currency-simple-box/date?_amgcurrencysimplelist_WAR_amgcurrencyportlet_rateDate=2017-04-04
2017-04-05,,3.8863,4.0782,http://raiffeisenpolbank.com/kursy-walut/kursy-walut-dla-produktow-hipotecznych-mg/-/amg-currency-simple-box/date?_amgcurrencysimplelist_WAR_amgcurrencyportlet_rateDate=2017-04-05
2017-04-06,,3.8747,4.066,http://raiffeisenpolbank.com/kursy-walut/kursy-walut-dla-produktow-hipotecznych-mg/-/amg-currency-simple-box/date?_amgcurrencysimplelist_WAR_amgcurrencyportlet_rateDate=2017-04-06
2017-04-07,,3.8725,4.0638,http://raiffeisenpolbank.com/kursy-walut/kursy-walut-dla-produktow-hipotecznych-mg/-/amg-currency-simple-box/date?_amgcurrencysimplelist_WAR_amgcurrencyportlet_rateDate=2017-04-07
2017-04-10,,3.8687,4.0597,http://raiffeisenpolbank.com/kursy-walut/kursy-walut-dla-produktow-hipotecznych-mg/-/amg-currency-simple-box/date?_amgcurrencysimplelist_WAR_amgcurrencyportlet_rateDate=2017-04-10
2017-04-11,,3.8814,4.0732,http://raiffeisenpolbank.com/kursy-walut/kursy-walut-dla-produktow-hipotecznych-mg/-/amg-currency-simple-box/date?_amgcurrencysimplelist_WAR_amgcurrencyportlet_rateDate=2017-04-11
2017-04-12,,3.8924,4.0847,http://raiffeisenpolbank.com/kursy-walut/kursy-walut-dla-produktow-hipotecznych-mg/-/amg-currency-simple-box/date?_amgcurrencysimplelist_WAR_amgcurrencyportlet_rateDate=2017-04-12
2017-04-13,,3.8896,4.0817,http://raiffeisenpolbank.com/kursy-walut/kursy-walut-dla-produktow-hipotecznych-mg/-/amg-currency-simple-box/date?_amgcurrencysimplelist_WAR_amgcurrencyportlet_rateDate=2017-04-13
2017-04-14,,3.8943,4.0867,http://raiffeisenpolbank.com/kursy-walut/kursy-walut-dla-produktow-hipotecznych-mg/-/amg-currency-simple-box/date?_amgcurrencysimplelist_WAR_amgcurrencyportlet_rateDate=2017-04-14
2017-04-18,,3.8845,4.0763,http://raiffeisenpolbank.com/kursy-walut/kursy-walut-dla-produktow-hipotecznych-mg/-/amg-currency-simple-box/date?_amgcurrencysimplelist_WAR_amgcurrencyportlet_rateDate=2017-04-18
2017-04-19,,3.871,4.0622,http://raiffeisenpolbank.com/kursy-walut/kursy-walut-dla-produktow-hipotecznych-mg/-/amg-currency-simple-box/date?_amgcurrencysimplelist_WAR_amgcurrencyportlet_rateDate=2017-04-19
2017-04-20,,3.894,4.0863,http://raiffeisenpolbank.com/kursy-walut/kursy-walut-dla-produktow-hipotecznych-mg/-/amg-currency-simple-box/date?_amgcurrencysimplelist_WAR_amgcurrencyportlet_rateDate=2017-04-20
2017-04-21,,3.8993,4.0919,http://raiffeisenpolbank.com/kursy-walut/kursy-walut-dla-produktow-hipotecznych-mg/-/amg-currency-simple-box/date?_amgcurrencysimplelist_WAR_amgcurrencyportlet_rateDate=2017-04-21
2017-04-24,,3.8385,4.028,http://raiffeisenpolbank.com/kursy-walut/kursy-walut-dla-produktow-hipotecznych-mg/-/amg-currency-simple-box/date?_amgcurrencysimplelist_WAR_amgcurrencyportlet_rateDate=2017-04-24
2017-04-25,,3.8393,4.0289,http://raiffeisenpolbank.com/kursy-walut/kursy-walut-dla-produktow-hipotecznych-mg/-/amg-currency-simple-box/date?_amgcurrencysimplelist_WAR_amgcurrencyportlet_rateDate=2017-04-25
2017-04-26,,3.8053,3.9932,http://raiffeisenpolbank.com/kursy-walut/kursy-walut-dla-produktow-hipotecznych-mg/-/amg-currency-simple-box/date?_amgcurrencysimplelist_WAR_amgcurrencyportlet_rateDate=2017-04-26
2017-04-27,,3.8172,4.0058,http://raiffeisenpolbank.com/kursy-walut/kursy-walut-dla-produktow-hipotecznych-mg/-/amg-currency-simple-box/date?_amgcurrencysimplelist_WAR_amgcurrencyportlet_rateDate=2017-04-27
2017-04-28,,3.8204,4.0091,http://raiffeisenpolbank.com/kursy-walut/kursy-walut-dla-produktow-hipotecznych-mg/-/amg-currency-simple-box/date?_amgcurrencysimplelist_WAR_amgcurrencyportlet_rateDate=2017-04-28
2017-05-02,,3.8017,3.9895,http://raiffeisenpolbank.com/kursy-walut/kursy-walut-dla-produktow-hipotecznych-mg/-/amg-currency-simple-box/date?_amgcurrencysimplelist_WAR_amgcurrencyportlet_rateDate=2017-05-02
2017-05-04,,3.7939,3.9813,http://raiffeisenpolbank.com/kursy-walut/kursy-walut-dla-produktow-hipotecznych-mg/-/amg-currency-simple-box/date?_amgcurrencysimplelist_WAR_amgcurrencyportlet_rateDate=2017-05-04
2017-05-05,,3.8171,4.0056,http://raiffeisenpolbank.com/kursy-walut/kursy-walut-dla-produktow-hipotecznych-mg/-/amg-currency-simple-box/date?_amgcurrencysimplelist_WAR_amgcurrencyportlet_rateDate=2017-05-05
2017-05-08,,3.7894,3.9765,http://raiffeisenpolbank.com/kursy-walut/kursy-walut-dla-produktow-hipotecznych-mg/-/amg-currency-simple-box/date?_amgcurrencysimplelist_WAR_amgcurrencyportlet_rateDate=2017-05-08
2017-05-09,,3.7937,3.9811,http://raiffeisenpolbank.com/kursy-walut/kursy-walut-dla-produktow-hipotecznych-mg/-/amg-currency-simple-box/date?_amgcurrencysimplelist_WAR_amgcurrencyportlet_rateDate=2017-05-09
2017-05-10,,3.7772,3.9638,http://raiffeisenpolbank.com/kursy-walut/kursy-walut-dla-produktow-hipotecznych-mg/-/amg-currency-simple-box/date?_amgcurrencysimplelist_WAR_amgcurrencyportlet_rateDate=2017-05-10
2017-05-11,,3.7547,3.9401,http://raiffeisenpolbank.com/kursy-walut/kursy-walut-dla-produktow-hipotecznych-mg/-/amg-currency-simple-box/date?_amgcurrencysimplelist_WAR_amgcurrencyportlet_rateDate=2017-05-11
2017-05-12,,3.7743,3.9607,http://raiffeisenpolbank.com/kursy-walut/kursy-walut-dla-produktow-hipotecznych-mg/-/amg-currency-simple-box/date?_amgcurrencysimplelist_WAR_amgcurrencyportlet_rateDate=2017-05-12
2017-05-15,,3.7668,3.9528,http://raiffeisenpolbank.com/kursy-walut/kursy-walut-dla-produktow-hipotecznych-mg/-/amg-currency-simple-box/date?_amgcurrencysimplelist_WAR_amgcurrencyportlet_rateDate=2017-05-15
2017-05-16,,3.7532,3.9385,http://raiffeisenpolbank.com/kursy-walut/kursy-walut-dla-produktow-hipotecznych-mg/-/amg-currency-simple-box/date?_amgcurrencysimplelist_WAR_amgcurrencyportlet_rateDate=2017-05-16
2017-05-17,,3.7418,3.9266,http://raiffeisenpolbank.com/kursy-walut/kursy-walut-dla-produktow-hipotecznych-mg/-/amg-currency-simple-box/date?_amgcurrencysimplelist_WAR_amgcurrencyportlet_rateDate=2017-05-17
2017-05-18,,3.7624,3.9482,http://raiffeisenpolbank.com/kursy-walut/kursy-walut-dla-produktow-hipotecznych-mg/-/amg-currency-simple-box/date?_amgcurrencysimplelist_WAR_amgcurrencyportlet_rateDate=2017-05-18
2017-05-19,,3.7854,3.9724,http://raiffeisenpolbank.com/kursy-walut/kursy-walut-dla-produktow-hipotecznych-mg/-/amg-currency-simple-box/date?_amgcurrencysimplelist_WAR_amgcurrencyportlet_rateDate=2017-05-19
2017-05-22,,3.761,3.9467,http://raiffeisenpolbank.com/kursy-walut/kursy-walut-dla-produktow-hipotecznych-mg/-/amg-currency-simple-box/date?_amgcurrencysimplelist_WAR_amgcurrencyportlet_rateDate=2017-05-22
2017-05-23,,3.757,3.9425,http://raiffeisenpolbank.com/kursy-walut/kursy-walut-dla-produktow-hipotecznych-mg/-/amg-currency-simple-box/date?_amgcurrencysimplelist_WAR_amgcurrencyportlet_rateDate=2017-05-23
2017-05-24,,3.7699,3.956,http://raiffeisenpolbank.com/kursy-walut/kursy-walut-dla-produktow-hipotecznych-mg/-/amg-currency-simple-box/date?_amgcurrencysimplelist_WAR_amgcurrencyportlet_rateDate=2017-05-24
2017-05-25,,3.7386,3.9232,http://raiffeisenpolbank.com/kursy-walut/kursy-walut-dla-produktow-hipotecznych-mg/-/amg-currency-simple-box/date?_amgcurrencysimplelist_WAR_amgcurrencyportlet_rateDate=2017-05-25
2017-05-26,,3.7468,3.9318,http://raiffeisenpolbank.com/kursy-walut/kursy-walut-dla-produktow-hipotecznych-mg/-/amg-currency-simple-box/date?_amgcurrencysimplelist_WAR_amgcurrencyportlet_rateDate=2017-05-26
2017-05-29,,3.7593,3.945,http://raiffeisenpolbank.com/kursy-walut/kursy-walut-dla-produktow-hipotecznych-mg/-/amg-currency-simple-box/date?_amgcurrencysimplelist_WAR_amgcurrencyportlet_rateDate=2017-05-29
2017-05-30,,3.7576,3.9432,http://raiffeisenpolbank.com/kursy-walut/kursy-walut-dla-produktow-hipotecznych-mg/-/amg-currency-simple-box/date?_amgcurrencysimplelist_WAR_amgcurrencyportlet_rateDate=2017-05-30
2017-05-31,,3.7509,3.9361,http://raiffeisenpolbank.com/kursy-walut/kursy-walut-dla-produktow-hipotecznych-mg/-/amg-currency-simple-box/date?_amgcurrencysimplelist_WAR_amgcurrencyportlet_rateDate=2017-05-31
2017-06-01,,3.7557,3.9412,http://raiffeisenpolbank.com/kursy-walut/kursy-walut-dla-produktow-hipotecznych-mg/-/amg-currency-simple-box/date?_amgcurrencysimplelist_WAR_amgcurrencyportlet_rateDate=2017-06-01
2017-06-02,,3.7662,3.9523,http://raiffeisenpolbank.com/kursy-walut/kursy-walut-dla-produktow-hipotecznych-mg/-/amg-currency-simple-box/date?_amgcurrencysimplelist_WAR_amgcurrencyportlet_rateDate=2017-06-02
2017-06-05,,3.7697,3.9558,http://raiffeisenpolbank.com/kursy-walut/kursy-walut-dla-produktow-hipotecznych-mg/-/amg-currency-simple-box/date?_amgcurrencysimplelist_WAR_amgcurrencyportlet_rateDate=2017-06-05
2017-06-06,,3.773,3.9593,http://raiffeisenpolbank.com/kursy-walut/kursy-walut-dla-produktow-hipotecznych-mg/-/amg-currency-simple-box/date?_amgcurrencysimplelist_WAR_amgcurrencyportlet_rateDate=2017-06-06
2017-06-07,,3.7822,3.969,http://raiffeisenpolbank.com/kursy-walut/kursy-walut-dla-produktow-hipotecznych-mg/-/amg-currency-simple-box/date?_amgcurrencysimplelist_WAR_amgcurrencyportlet_rateDate=2017-06-07
2017-06-08,,3.791,3.9782,http://raiffeisenpolbank.com/kursy-walut/kursy-walut-dla-produktow-hipotecznych-mg/-/amg-currency-simple-box/date?_amgcurrencysimplelist_WAR_amgcurrencyportlet_rateDate=2017-06-08
2017-06-09,,3.7895,3.9767,http://raiffeisenpolbank.com/kursy-walut/kursy-walut-dla-produktow-hipotecznych-mg/-/amg-currency-simple-box/date?_amgcurrencysimplelist_WAR_amgcurrencyportlet_rateDate=2017-06-09
2017-06-12,,3.7733,3.9597,http://raiffeisenpolbank.com/kursy-walut/kursy-walut-dla-produktow-hipotecznych-mg/-/amg-currency-simple-box/date?_amgcurrencysimplelist_WAR_amgcurrencyportlet_rateDate=2017-06-12
2017-06-13,,3.7807,3.9675,http://raiffeisenpolbank.com/kursy-walut/kursy-walut-dla-produktow-hipotecznych-mg/-/amg-currency-simple-box/date?_amgcurrencysimplelist_WAR_amgcurrencyportlet_rateDate=2017-06-13
2017-06-14,,3.778,3.9646,http://raiffeisenpolbank.com/kursy-walut/kursy-walut-dla-produktow-hipotecznych-mg/-/amg-currency-simple-box/date?_amgcurrencysimplelist_WAR_amgcurrencyportlet_rateDate=2017-06-14
2017-06-16,,3.8097,3.9979,http://raiffeisenpolbank.com/kursy-walut/kursy-walut-dla-produktow-hipotecznych-mg/-/amg-currency-simple-box/date?_amgcurrencysimplelist_WAR_amgcurrencyportlet_rateDate=2017-06-16
2017-06-19,,3.7768,3.9634,http://raiffeisenpolbank.com/kursy-walut/kursy-walut-dla-produktow-hipotecznych-mg/-/amg-currency-simple-box/date?_amgcurrencysimplelist_WAR_amgcurrencyportlet_rateDate=2017-06-19
2017-06-20,,3.7982,3.9858,http://raiffeisenpolbank.com/kursy-walut/kursy-walut-dla-produktow-hipotecznych-mg/-/amg-currency-simple-box/date?_amgcurrencysimplelist_WAR_amgcurrencyportlet_rateDate=2017-06-20
2017-06-21,,3.8316,4.0208,http://raiffeisenpolbank.com/kursy-walut/kursy-walut-dla-produktow-hipotecznych-mg/-/amg-currency-simple-box/date?_amgcurrencysimplelist_WAR_amgcurrencyportlet_rateDate=2017-06-21
2017-06-22,,3.833,4.0223,http://raiffeisenpolbank.com/kursy-walut/kursy-walut-dla-produktow-hipotecznych-mg/-/amg-currency-simple-box/date?_amgcurrencysimplelist_WAR_amgcurrencyportlet_rateDate=2017-06-22
2017-06-23,,3.8235,4.0123,http://raiffeisenpolbank.com/kursy-walut/kursy-walut-dla-produktow-hipotecznych-mg/-/amg-currency-simple-box/date?_amgcurrencysimplelist_WAR_amgcurrencyportlet_rateDate=2017-06-23
2017-06-26,,3.8071,3.9952,http://raiffeisenpolbank.com/kursy-walut/kursy-walut-dla-produktow-hipotecznych-mg/-/amg-currency-simple-box/date?_amgcurrencysimplelist_WAR_amgcurrencyportlet_rateDate=2017-06-26
2017-06-27,,3.781,3.9678,http://raiffeisenpolbank.com/kursy-walut/kursy-walut-dla-produktow-hipotecznych-mg/-/amg-currency-simple-box/date?_amgcurrencysimplelist_WAR_amgcurrencyportlet_rateDate=2017-06-27
2017-06-28,,3.8047,3.9927,http://raiffeisenpolbank.com/kursy-walut/kursy-walut-dla-produktow-hipotecznych-mg/-/amg-currency-simple-box/date?_amgcurrencysimplelist_WAR_amgcurrencyportlet_rateDate=2017-06-28
2017-06-29,,3.7904,3.9776,http://raiffeisenpolbank.com/kursy-walut/kursy-walut-dla-produktow-hipotecznych-mg/-/amg-currency-simple-box/date?_amgcurrencysimplelist_WAR_amgcurrencyportlet_rateDate=2017-06-29
2017-06-30,,3.7938,3.9811,http://raiffeisenpolbank.com/kursy-walut/kursy-walut-dla-produktow-hipotecznych-mg/-/amg-currency-simple-box/date?_amgcurrencysimplelist_WAR_amgcurrencyportlet_rateDate=2017-06-30
2017-07-03,,3.7807,3.9675,http://raiffeisenpolbank.com/kursy-walut/kursy-walut-dla-produktow-hipotecznych-mg/-/amg-currency-simple-box/date?_amgcurrencysimplelist_WAR_amgcurrencyportlet_rateDate=2017-07-03
2017-07-04,,3.7984,3.986,http://raiffeisenpolbank.com/kursy-walut/kursy-walut-dla-produktow-hipotecznych-mg/-/amg-currency-simple-box/date?_amgcurrencysimplelist_WAR_amgcurrencyportlet_rateDate=2017-07-04
2017-07-05,,3.7859,3.9729,http://raiffeisenpolbank.com/kursy-walut/kursy-walut-dla-produktow-hipotecznych-mg/-/amg-currency-simple-box/date?_amgcurrencysimplelist_WAR_amgcurrencyportlet_rateDate=2017-07-05
2017-07-06,,3.7831,3.9699,http://raiffeisenpolbank.com/kursy-walut/kursy-walut-dla-produktow-hipotecznych-mg/-/amg-currency-simple-box/date?_amgcurrencysimplelist_WAR_amgcurrencyportlet_rateDate=2017-07-06
2017-07-07,,3.7817,3.9685,http://raiffeisenpolbank.com/kursy-walut/kursy-walut-dla-produktow-hipotecznych-mg/-/amg-currency-simple-box/date?_amgcurrencysimplelist_WAR_amgcurrencyportlet_rateDate=2017-07-07
2017-07-10,,3.772,3.9583,http://raiffeisenpolbank.com/kursy-walut/kursy-walut-dla-produktow-hipotecznych-mg/-/amg-currency-simple-box/date?_amgcurrencysimplelist_WAR_amgcurrencyportlet_rateDate=2017-07-10
2017-07-11,,3.7661,3.9521,http://raiffeisenpolbank.com/kursy-walut/kursy-walut-dla-produktow-hipotecznych-mg/-/amg-currency-simple-box/date?_amgcurrencysimplelist_WAR_amgcurrencyportlet_rateDate=2017-07-11
2017-07-12,,3.7508,3.936,http://raiffeisenpolbank.com/kursy-walut/kursy-walut-dla-produktow-hipotecznych-mg/-/amg-currency-simple-box/date?_amgcurrencysimplelist_WAR_amgcurrencyportlet_rateDate=2017-07-12
2017-07-13,,3.7553,3.9408,http://raiffeisenpolbank.com/kursy-walut/kursy-walut-dla-produktow-hipotecznych-mg/-/amg-currency-simple-box/date?_amgcurrencysimplelist_WAR_amgcurrencyportlet_rateDate=2017-07-13
2017-07-14,,3.7493,3.9345,http://raiffeisenpolbank.com/kursy-walut/kursy-walut-dla-produktow-hipotecznych-mg/-/amg-currency-simple-box/date?_amgcurrencysimplelist_WAR_amgcurrencyportlet_rateDate=2017-07-14
2017-07-17,,3.7244,3.9083,http://raiffeisenpolbank.com/kursy-walut/kursy-walut-dla-produktow-hipotecznych-mg/-/amg-currency-simple-box/date?_amgcurrencysimplelist_WAR_amgcurrencyportlet_rateDate=2017-07-17
2017-07-18,,3.7177,3.9013,http://raiffeisenpolbank.com/kursy-walut/kursy-walut-dla-produktow-hipotecznych-mg/-/amg-currency-simple-box/date?_amgcurrencysimplelist_WAR_amgcurrencyportlet_rateDate=2017-07-18
2017-07-19,,3.7292,3.9134,http://raiffeisenpolbank.com/kursy-walut/kursy-walut-dla-produktow-hipotecznych-mg/-/amg-currency-simple-box/date?_amgcurrencysimplelist_WAR_amgcurrencyportlet_rateDate=2017-07-19
2017-07-20,,3.7471,3.9322,http://raiffeisenpolbank.com/kursy-walut/kursy-walut-dla-produktow-hipotecznych-mg/-/amg-currency-simple-box/date?_amgcurrencysimplelist_WAR_amgcurrencyportlet_rateDate=2017-07-20
2017-07-21,,3.7318,3.9162,http://raiffeisenpolbank.com/kursy-walut/kursy-walut-dla-produktow-hipotecznych-mg/-/amg-currency-simple-box/date?_amgcurrencysimplelist_WAR_amgcurrencyportlet_rateDate=2017-07-21
2017-07-24,,3.7816,3.9684,http://raiffeisenpolbank.com/kursy-walut/kursy-walut-dla-produktow-hipotecznych-mg/-/amg-currency-simple-box/date?_amgcurrencysimplelist_WAR_amgcurrencyportlet_rateDate=2017-07-24
2017-07-25,,3.7797,3.9664,http://raiffeisenpolbank.com/kursy-walut/kursy-walut-dla-produktow-hipotecznych-mg/-/amg-currency-simple-box/date?_amgcurrencysimplelist_WAR_amgcurrencyportlet_rateDate=2017-07-25
2017-07-26,,3.765,3.9509,http://raiffeisenpolbank.com/kursy-walut/kursy-walut-dla-produktow-hipotecznych-mg/-/amg-currency-simple-box/date?_amgcurrencysimplelist_WAR_amgcurrencyportlet_rateDate=2017-07-26
2017-07-27,,3.7278,3.9119,http://raiffeisenpolbank.com/kursy-walut/kursy-walut-dla-produktow-hipotecznych-mg/-/amg-currency-simple-box/date?_amgcurrencysimplelist_WAR_amgcurrencyportlet_rateDate=2017-07-27
2017-07-28,,3.6688,3.85,http://raiffeisenpolbank.com/kursy-walut/kursy-walut-dla-produktow-hipotecznych-mg/-/amg-currency-simple-box/date?_amgcurrencysimplelist_WAR_amgcurrencyportlet_rateDate=2017-07-28
2017-07-31,,3.6631,3.844,http://raiffeisenpolbank.com/kursy-walut/kursy-walut-dla-produktow-hipotecznych-mg/-/amg-currency-simple-box/date?_amgcurrencysimplelist_WAR_amgcurrencyportlet_rateDate=2017-07-31
2017-08-01,,3.646,3.8261,http://raiffeisenpolbank.com/kursy-walut/kursy-walut-dla-produktow-hipotecznych-mg/-/amg-currency-simple-box/date?_amgcurrencysimplelist_WAR_amgcurrencyportlet_rateDate=2017-08-01
2017-08-02,,3.6456,3.8257,http://raiffeisenpolbank.com/kursy-walut/kursy-walut-dla-produktow-hipotecznych-mg/-/amg-currency-simple-box/date?_amgcurrencysimplelist_WAR_amgcurrencyportlet_rateDate=2017-08-02
2017-08-03,,3.628,3.8072,http://raiffeisenpolbank.com/kursy-walut/kursy-walut-dla-produktow-hipotecznych-mg/-/amg-currency-simple-box/date?_amgcurrencysimplelist_WAR_amgcurrencyportlet_rateDate=2017-08-03
2017-08-04,,3.6072,3.7854,http://raiffeisenpolbank.com/kursy-walut/kursy-walut-dla-produktow-hipotecznych-mg/-/amg-currency-simple-box/date?_amgcurrencysimplelist_WAR_amgcurrencyportlet_rateDate=2017-08-04
2017-08-07,,3.6237,3.8027,http://raiffeisenpolbank.com/kursy-walut/kursy-walut-dla-produktow-hipotecznych-mg/-/amg-currency-simple-box/date?_amgcurrencysimplelist_WAR_amgcurrencyportlet_rateDate=2017-08-07
2017-08-08,,3.616,3.7946,http://raiffeisenpolbank.com/kursy-walut/kursy-walut-dla-produktow-hipotecznych-mg/-/amg-currency-simple-box/date?_amgcurrencysimplelist_WAR_amgcurrencyportlet_rateDate=2017-08-08
2017-08-09,,3.6586,3.8393,http://raiffeisenpolbank.com/kursy-walut/kursy-walut-dla-produktow-hipotecznych-mg/-/amg-currency-simple-box/date?_amgcurrencysimplelist_WAR_amgcurrencyportlet_rateDate=2017-08-09
2017-08-10,,3.6761,3.8576,http://raiffeisenpolbank.com/kursy-walut/kursy-walut-dla-produktow-hipotecznych-mg/-/amg-currency-simple-box/date?_amgcurrencysimplelist_WAR_amgcurrencyportlet_rateDate=2017-08-10
2017-08-11,,3.6908,3.8731,http://raiffeisenpolbank.com/kursy-walut/kursy-walut-dla-produktow-hipotecznych-mg/-/amg-currency-simple-box/date?_amgcurrencysimplelist_WAR_amgcurrencyportlet_rateDate=2017-08-11
2017-08-14,,3.6695,3.8508,http://raiffeisenpolbank.com/kursy-walut/kursy-walut-dla-produktow-hipotecznych-mg/-/amg-currency-simple-box/date?_amgcurrencysimplelist_WAR_amgcurrencyportlet_rateDate=2017-08-14
2017-08-16,,3.6652,3.8462,http://raiffeisenpolbank.com/kursy-walut/kursy-walut-dla-produktow-hipotecznych-mg/-/amg-currency-simple-box/date?_amgcurrencysimplelist_WAR_amgcurrencyportlet_rateDate=2017-08-16
2017-08-17,,3.6653,3.8463,http://raiffeisenpolbank.com/kursy-walut/kursy-walut-dla-produktow-hipotecznych-mg/-/amg-currency-simple-box/date?_amgcurrencysimplelist_WAR_amgcurrencyportlet_rateDate=2017-08-17
2017-08-18,,3.693,3.8754,http://raiffeisenpolbank.com/kursy-walut/kursy-walut-dla-produktow-hipotecznych-mg/-/amg-currency-simple-box/date?_amgcurrencysimplelist_WAR_amgcurrencyportlet_rateDate=2017-08-18
2017-08-21,,3.6769,3.8585,http://raiffeisenpolbank.com/kursy-walut/kursy-walut-dla-produktow-hipotecznych-mg/-/amg-currency-simple-box/date?_amgcurrencysimplelist_WAR_amgcurrencyportlet_rateDate=2017-08-21
2017-08-22,,3.6669,3.848,http://raiffeisenpolbank.com/kursy-walut/kursy-walut-dla-produktow-hipotecznych-mg/-/amg-currency-simple-box/date?_amgcurrencysimplelist_WAR_amgcurrencyportlet_rateDate=2017-08-22
2017-08-23,,3.6644,3.8454,http://raiffeisenpolbank.com/kursy-walut/kursy-walut-dla-produktow-hipotecznych-mg/-/amg-currency-simple-box/date?_amgcurrencysimplelist_WAR_amgcurrencyportlet_rateDate=2017-08-23
2017-08-24,,3.6682,3.8494,http://raiffeisenpolbank.com/kursy-walut/kursy-walut-dla-produktow-hipotecznych-mg/-/amg-currency-simple-box/date?_amgcurrencysimplelist_WAR_amgcurrencyportlet_rateDate=2017-08-24
2017-08-25,,3.6526,3.833,http://raiffeisenpolbank.com/kursy-walut/kursy-walut-dla-produktow-hipotecznych-mg/-/amg-currency-simple-box/date?_amgcurrencysimplelist_WAR_amgcurrencyportlet_rateDate=2017-08-25
2017-08-28,,3.6376,3.8172,http://raiffeisenpolbank.com/kursy-walut/kursy-walut-dla-produktow-hipotecznych-mg/-/amg-currency-simple-box/date?_amgcurrencysimplelist_WAR_amgcurrencyportlet_rateDate=2017-08-28
2017-08-29,,3.6342,3.8136,http://raiffeisenpolbank.com/kursy-walut/kursy-walut-dla-produktow-hipotecznych-mg/-/amg-currency-simple-box/date?_amgcurrencysimplelist_WAR_amgcurrencyportlet_rateDate=2017-08-29
2017-08-30,,3.6356,3.8152,http://raiffeisenpolbank.com/kursy-walut/kursy-walut-dla-produktow-hipotecznych-mg/-/amg-currency-simple-box/date?_amgcurrencysimplelist_WAR_amgcurrencyportlet_rateDate=2017-08-30
2017-08-31,,3.628,3.8072,http://raiffeisenpolbank.com/kursy-walut/kursy-walut-dla-produktow-hipotecznych-mg/-/amg-currency-simple-box/date?_amgcurrencysimplelist_WAR_amgcurrencyportlet_rateDate=2017-08-31
2017-09-01,,3.6289,3.8081,http://raiffeisenpolbank.com/kursy-walut/kursy-walut-dla-produktow-hipotecznych-mg/-/amg-currency-simple-box/date?_amgcurrencysimplelist_WAR_amgcurrencyportlet_rateDate=2017-09-01
2017-09-04,,3.6364,3.816,http://raiffeisenpolbank.com/kursy-walut/kursy-walut-dla-produktow-hipotecznych-mg/-/amg-currency-simple-box/date?_amgcurrencysimplelist_WAR_amgcurrencyportlet_rateDate=2017-09-04
2017-09-05,,3.6377,3.8174,http://raiffeisenpolbank.com/kursy-walut/kursy-walut-dla-produktow-hipotecznych-mg/-/amg-currency-simple-box/date?_amgcurrencysimplelist_WAR_amgcurrencyportlet_rateDate=2017-09-05
2017-09-06,,3.6299,3.8092,http://raiffeisenpolbank.com/kursy-walut/kursy-walut-dla-produktow-hipotecznych-mg/-/amg-currency-simple-box/date?_amgcurrencysimplelist_WAR_amgcurrencyportlet_rateDate=2017-09-06
2017-09-07,,3.6348,3.8143,http://raiffeisenpolbank.com/kursy-walut/kursy-walut-dla-produktow-hipotecznych-mg/-/amg-currency-simple-box/date?_amgcurrencysimplelist_WAR_amgcurrencyportlet_rateDate=2017-09-07
2017-09-08,,3.6357,3.8152,http://raiffeisenpolbank.com/kursy-walut/kursy-walut-dla-produktow-hipotecznych-mg/-/amg-currency-simple-box/date?_amgcurrencysimplelist_WAR_amgcurrencyportlet_rateDate=2017-09-08
2017-09-11,,3.6268,3.8059,http://raiffeisenpolbank.com/kursy-walut/kursy-walut-dla-produktow-hipotecznych-mg/-/amg-currency-simple-box/date?_amgcurrencysimplelist_WAR_amgcurrencyportlet_rateDate=2017-09-11
2017-09-12,,3.6265,3.8056,http://raiffeisenpolbank.com/kursy-walut/kursy-walut-dla-produktow-hipotecznych-mg/-/amg-currency-simple-box/date?_amgcurrencysimplelist_WAR_amgcurrencyportlet_rateDate=2017-09-12
2017-09-13,,3.6177,3.7964,http://raiffeisenpolbank.com/kursy-walut/kursy-walut-dla-produktow-hipotecznych-mg/-/amg-currency-simple-box/date?_amgcurrencysimplelist_WAR_amgcurrencyportlet_rateDate=2017-09-13
2017-09-14,,3.6504,3.8307,http://raiffeisenpolbank.com/kursy-walut/kursy-walut-dla-produktow-hipotecznych-mg/-/amg-currency-simple-box/date?_amgcurrencysimplelist_WAR_amgcurrencyportlet_rateDate=2017-09-14
2017-09-15,,3.6369,3.8165,http://raiffeisenpolbank.com/kursy-walut/kursy-walut-dla-produktow-hipotecznych-mg/-/amg-currency-simple-box/date?_amgcurrencysimplelist_WAR_amgcurrencyportlet_rateDate=2017-09-15
2017-09-18,,3.6386,3.8183,http://raiffeisenpolbank.com/kursy-walut/kursy-walut-dla-produktow-hipotecznych-mg/-/amg-currency-simple-box/date?_amgcurrencysimplelist_WAR_amgcurrencyportlet_rateDate=2017-09-18
2017-09-19,,3.6397,3.8194,http://raiffeisenpolbank.com/kursy-walut/kursy-walut-dla-produktow-hipotecznych-mg/-/amg-currency-simple-box/date?_amgcurrencysimplelist_WAR_amgcurrencyportlet_rateDate=2017-09-19
2017-09-20,,3.6202,3.799,http://raiffeisenpolbank.com/kursy-walut/kursy-walut-dla-produktow-hipotecznych-mg/-/amg-currency-simple-box/date?_amgcurrencysimplelist_WAR_amgcurrencyportlet_rateDate=2017-09-20
2017-09-21,,3.6175,3.7962,http://raiffeisenpolbank.com/kursy-walut/kursy-walut-dla-produktow-hipotecznych-mg/-/amg-currency-simple-box/date?_amgcurrencysimplelist_WAR_amgcurrencyportlet_rateDate=2017-09-21
2017-09-22,,3.5999,3.7777,http://raiffeisenpolbank.com/kursy-walut/kursy-walut-dla-produktow-hipotecznych-mg/-/amg-currency-simple-box/date?_amgcurrencysimplelist_WAR_amgcurrencyportlet_rateDate=2017-09-22
2017-09-25,,3.6024,3.7803,http://raiffeisenpolbank.com/kursy-walut/kursy-walut-dla-produktow-hipotecznych-mg/-/amg-currency-simple-box/date?_amgcurrencysimplelist_WAR_amgcurrencyportlet_rateDate=2017-09-25
2017-09-26,,3.6422,3.8221,http://raiffeisenpolbank.com/kursy-walut/kursy-walut-dla-produktow-hipotecznych-mg/-/amg-currency-simple-box/date?_amgcurrencysimplelist_WAR_amgcurrencyportlet_rateDate=2017-09-26
